"V1","V2"
-0.408784711585952,0.744447244663112
-0.870677249888783,0.877744152851333
0.665653089849266,1.00058495597334
1.03600614098958,0.760476518127065
0.918039329968843,-1.18382306941548
0.95373012942896,0.708723205876142
0.856405151132632,0.380909900623845
0.23592414711507,0.567881448123714
0.870846479905849,0.791326415032328
0.912405674727593,0.857424980927812
0.741977501946806,1.20443575317511
-0.712994798996614,0.36283572287782
-0.756175166975678,0.797128338250259
0.5229971145087,-0.873298323764985
1.16374511159984,-0.685790461991445
0.662315514516641,-0.719674493349046
-0.638190533605215,1.04529364993248
0.725444944418498,-0.959492834147444
0.692177539737893,-0.594678565654132
0.407080352150054,-0.785247801137279
